{
  "providers": [
      {"type": "bitmap", "file": "dominia/tags/Dominia_Tag_Admin.png", "ascent": 8, "height": 9, "chars": ["佩"]},
      {"type": "bitmap", "file": "dominia/tags/Dominia_Tag_Andromeda.png", "ascent": 8, "height": 9, "chars": ["佪"]},
      {"type": "bitmap", "file": "dominia/tags/Dominia_Tag_Builder.png", "ascent": 8, "height": 9, "chars": ["佫"]},
      {"type": "bitmap", "file": "dominia/tags/Dominia_Tag_Developer.png", "ascent": 8, "height": 9, "chars": ["佬"]},
      {"type": "bitmap", "file": "dominia/tags/Dominia_Tag_Helios.png", "ascent": 8, "height": 9, "chars": ["佭"]},
      {"type": "bitmap", "file": "dominia/tags/Dominia_Tag_Helper.png", "ascent": 8, "height": 9, "chars": ["佮"]},
      {"type": "bitmap", "file": "dominia/tags/Dominia_Tag_Luna.png", "ascent": 8, "height": 9, "chars": ["佯"]},
      {"type": "bitmap", "file": "dominia/tags/Dominia_Tag_Manager.png", "ascent": 8, "height": 9, "chars": ["佰"]},
      {"type": "bitmap", "file": "dominia/tags/Dominia_Tag_Moderator.png", "ascent": 8, "height": 9, "chars": ["佱"]},
      {"type": "bitmap", "file": "dominia/tags/Dominia_Tag_JRDEV.png", "ascent": 8, "height": 9, "chars": ["佲"]}
  ]
}
